名前,語彙・文法,流暢さ,発音,一言コメント
青木 健太,4,3,5,つまずかずに話せるよう、音読やシャドーイングを繰り返してみましょう。
阿部 舞,3,4,4,文法や単語の幅を広げる練習をすると、内容がより豊かになります。
石井 拓海,5,5,4,全体的に高い水準です。より洗練された語彙を使えるとさらに良くなります。
伊藤 結衣,2,3,3,文法や単語の幅を広げる練習をすると、内容がより豊かになります。
上田 隼人,4,2,3,つまずかずに話せるよう、音読やシャドーイングを繰り返してみましょう。
遠藤 凛,3,5,5,文法や単語の幅を広げる練習をすると、内容がより豊かになります。
太田 駿,5,4,3,個々の音を正しく発音できるよう、口の形を意識して練習しましょう。
岡田 陽菜,4,4,4,全体的に高い水準です。より洗練された語彙を使えるとさらに良くなります。
加藤 蓮,3,3,2,個々の音を正しく発音できるよう、口の形を意識して練習しましょう。
金子 美咲,2,4,5,文法や単語の幅を広げる練習をすると、内容がより豊かになります。
木村 陸,5,3,4,つまずかずに話せるよう、音読やシャドーイングを繰り返してみましょう。
久保 奏太,4,5,3,個々の音を正しく発音できるよう、口の形を意識して練習しましょう。
小林 莉子,3,3,4,文法や単語の幅を広げる練習をすると、内容がより豊かになります。
近藤 大輝,5,4,5,全体的に高い水準です。より洗練された語彙を使えるとさらに良くなります。
佐々木 陽斗,4,2,3,つまずかずに話せるよう、音読やシャドーイングを繰り返してみましょう。
佐藤 芽依,3,5,4,文法や単語の幅を広げる練習をすると、内容がより豊かになります。
柴田 悠人,2,3,3,文法や単語の幅を広げる練習をすると、内容がより豊かになります。
島田 菜々美,4,4,5,全体的に高い水準です。より洗練された語彙を使えるとさらに良くなります。
清水 翼,5,5,4,全体的に高い水準です。より洗練された語彙を使えるとさらに良くなります。
菅原 愛,3,3,3,文法や単語の幅を広げる練習をすると、内容がより豊かになります。
鈴木 颯太,4,4,4,全体的に高い水準です。より洗練された語彙を使えるとさらに良くなります。
高橋 心春,5,3,2,個々の音を正しく発音できるよう、口の形を意識して練習しましょう。
田中 琉生,3,4,5,文法や単語の幅を広げる練習をすると、内容がより豊かになります。
千葉 結菜,2,2,3,文法や単語の幅を広げる練習をすると、内容がより豊かになります。
塚本 航平,4,5,4,全体的に高い水準です。より洗練された語彙を使えるとさらに良くなります。
寺田 詩織,5,4,3,個々の音を正しく発音できるよう、口の形を意識して練習しましょう。
中川 湊,3,3,5,文法や単語の幅を広げる練習をすると、内容がより豊かになります。
中島 葵,4,5,4,全体的に高い水準です。より洗練された語彙を使えるとさらに良くなります。
中村 健斗,2,3,2,文法や単語の幅を広げる練習をすると、内容がより豊かになります。
西村 美月,5,4,5,全体的に高い水準です。より洗練された語彙を使えるとさらに良くなります。
長谷川 翔,4,2,3,つまずかずに話せるよう、音読やシャドーイングを繰り返してみましょう。
林 結愛,3,5,4,文法や単語の幅を広げる練習をすると、内容がより豊かになります。
藤田 蒼大,5,5,5,素晴らしい成績です！この調子でさらに表現を磨きましょう。
星野 紬,3,4,3,文法や単語の幅を広げる練習をすると、内容がより豊かになります。
前田 慶介,4,3,4,つまずかずに話せるよう、音読やシャドーイングを繰り返してみましょう。
松本 穂香,2,2,2,文法や単語の幅を広げる練習をすると、内容がより豊かになります。
三浦 大河,5,4,3,個々の音を正しく発音できるよう、口の形を意識して練習しましょう。
水野 紗良,4,5,5,全体的に高い水準です。より洗練された語彙を使えるとさらに良くなります。
森 勇気,3,3,4,文法や単語の幅を広げる練習をすると、内容がより豊かになります。
山口 琴音,5,4,5,全体的に高い水準です。より洗練された語彙を使えるとさらに良くなります。
